,Memory_1,Memory_2,Memory_3,Memory_4,Naming_2,Naming_3,Semantic_Assoc_1,Comprehension_1,Vigilance_1,Vigilance_2,Abstraction_1,Sequencing_1,Sequencing_2,Sequencing_3,VisuoPerc_1,VisuoPerc_2,VisuoSpatial_1
Memory_1,1,-0.11,0.05,0.23,-0.04,-0.05,0.43,0.2,-0.07,0.37,-0.08,0.09,0.12,0.04,-0.07,-0.08,0.37
Memory_2,-0.11,1,0.22,0.16,-0.11,-0.11,-0.11,-0.01,0.06,0.19,0.34,-0.02,-0.03,0.16,0.27,0.16,0.19
Memory_3,0.05,0.22,1,0.31,-0.14,-0.15,0.13,-0.27,-0.01,0.03,-0.26,0.23,0.24,0.34,-0.21,-0.09,0.14
Memory_4,0.23,0.16,0.31,1,0.1,-0.21,0.1,0,0.14,0.18,-0.08,0.12,-0.01,0.11,-0.21,-0.08,0.1
Naming_2,-0.04,-0.11,-0.14,0.1,1,-0.02,-0.02,-0.04,0.7,-0.06,-0.03,-0.05,-0.05,-0.08,-0.03,-0.03,-0.07
Naming_3,-0.05,-0.11,-0.15,-0.21,-0.02,1,-0.02,-0.03,-0.03,-0.07,-0.03,-0.05,-0.05,-0.08,-0.03,-0.03,-0.07
Semantic_Assoc_1,0.43,-0.11,0.13,0.1,-0.02,-0.02,1,-0.04,-0.03,0.29,-0.03,0.39,0.39,0.24,-0.03,-0.03,0.29
Comprehension_1,0.2,-0.01,-0.27,0,-0.04,-0.03,-0.04,1,-0.05,-0.12,-0.05,-0.09,-0.09,-0.15,-0.05,-0.06,0.09
Vigilance_1,-0.07,0.06,-0.01,0.14,0.7,-0.03,-0.03,-0.05,1,-0.1,-0.05,-0.07,-0.07,0.11,-0.04,-0.05,-0.1
Vigilance_2,0.37,0.19,0.03,0.18,-0.06,-0.07,0.29,-0.12,-0.1,1,0.3,0.28,0.15,0.11,0.41,0.3,0.26
Abstraction_1,-0.08,0.34,-0.26,-0.08,-0.03,-0.03,-0.03,-0.05,-0.05,0.3,1,0.17,0.17,0.04,0.81,0.65,0.09
Sequencing_1,0.09,-0.02,0.23,0.12,-0.05,-0.05,0.39,-0.09,-0.07,0.28,0.17,1,0.43,0.41,0.24,0.43,0.28
Sequencing_2,0.12,-0.03,0.24,-0.01,-0.05,-0.05,0.39,-0.09,-0.07,0.15,0.17,0.43,1,0.48,0.24,0.43,0.28
Sequencing_3,0.04,0.16,0.34,0.11,-0.08,-0.08,0.24,-0.15,0.11,0.11,0.04,0.41,0.48,1,0.11,0.23,0.08
VisuoPerc_1,-0.07,0.27,-0.21,-0.21,-0.03,-0.03,-0.03,-0.05,-0.04,0.41,0.81,0.24,0.24,0.11,1,0.81,0.16
VisuoPerc_2,-0.08,0.16,-0.09,-0.08,-0.03,-0.03,-0.03,-0.06,-0.05,0.3,0.65,0.43,0.43,0.23,0.81,1,0.3
VisuoSpatial_1,0.37,0.19,0.14,0.1,-0.07,-0.07,0.29,0.09,-0.1,0.26,0.09,0.28,0.28,0.08,0.16,0.3,1